[
    {
        "model": "theses.role",
        "pk": "admin",
        "fields": {
            "name": "Quản trị viên"
        }
    },
    {
        "model": "theses.role",
        "pk": "lecturer",
        "fields": {
            "name": "Giảng viên"
        }
    },
    {
        "model": "theses.role",
        "pk": "ministry",
        "fields": {
            "name": "Giáo vụ"
        }
    },
    {
        "model": "theses.role",
        "pk": "student",
        "fields": {
            "name": "Sinh viên"
        }
    },
    {
        "model": "theses.user",
        "pk": 1,
        "fields": {
            "password": "pbkdf2_sha256$720000$wM2yKrx2Fq3qXrszGsgIPY$JFGKe8iZJj2Aprs7wn6QTbL70WG84DAUY1Pt8MfGgqs=",
            "last_login": "2024-05-28T16:33:07.244Z",
            "is_superuser": true,
            "username": "admin",
            "first_name": "",
            "last_name": "",
            "email": "thesisadmin@gmail.com",
            "is_staff": true,
            "is_active": true,
            "date_joined": "2024-05-22T15:49:28.622Z",
            "avatar": "image/upload/v1713421473/user.png",
            "phone": "",
            "gender": "",
            "role": "admin",
            "groups": [],
            "user_permissions": []
        }
    },
    {
        "model": "theses.user",
        "pk": 2,
        "fields": {
            "password": "pbkdf2_sha256$720000$KX9HutZS7CZyZbscxe7FRj$4SWnIYRnJgCna9vBs5SPfRLuLsKeJ0FG9sSKpBFjM1s=",
            "last_login": null,
            "is_superuser": false,
            "username": "thaomysv",
            "first_name": "Trần",
            "last_name": "My",
            "email": "mytran.sv@gmail.com",
            "is_staff": false,
            "is_active": true,
            "date_joined": "2024-05-22T15:57:51.060Z",
            "avatar": "image/upload/v1713421473/user.png",
            "phone": "0527385789",
            "gender": "Nữ",
            "role": "student",
            "groups": [],
            "user_permissions": []
        }
    },
    {
        "model": "theses.user",
        "pk": 3,
        "fields": {
            "password": "pbkdf2_sha256$720000$YnDaNJouUo0CfTtDB4Db7W$vzogXxiShcO/DWlEa8lxzDrBgm0IiZGe21xOgMbV294=",
            "last_login": null,
            "is_superuser": false,
            "username": "thanhnamsv",
            "first_name": "Văn",
            "last_name": "Nam",
            "email": "bibi0110990@gmail.com",
            "is_staff": false,
            "is_active": true,
            "date_joined": "2024-05-23T06:20:35Z",
            "avatar": "image/upload/v1713421473/user.png",
            "phone": "0527388577",
            "gender": "Nam",
            "role": "student",
            "groups": [],
            "user_permissions": []
        }
    },
    {
        "model": "theses.user",
        "pk": 13,
        "fields": {
            "password": "pbkdf2_sha256$720000$qsuy1IUcJi7FZPxFeBp9b0$Rg6UZi79lGjTKdXXfhxlbzVZHfoG6pw0BaEvkwVGxok=",
            "last_login": null,
            "is_superuser": false,
            "username": "anhnhangv",
            "first_name": "Lê",
            "last_name": "Nhân",
            "email": "nhan13101970@gmail.com",
            "is_staff": false,
            "is_active": true,
            "date_joined": "2024-05-23T06:28:47Z",
            "avatar": "image/upload/v1713421473/user.png",
            "phone": "0786896036",
            "gender": "Nam",
            "role": "lecturer",
            "groups": [],
            "user_permissions": []
        }
    },
    {
        "model": "theses.user",
        "pk": 14,
        "fields": {
            "password": "pbkdf2_sha256$720000$l31HJy5cFQh7ECiJFEPIVM$oVWFjwY2Y7ldjKxEnft9JY+Ghq5b8xcBFq0vkRKSlAA=",
            "last_login": null,
            "is_superuser": false,
            "username": "hoaitamgvu",
            "first_name": "Nguyễn",
            "last_name": "Tâm",
            "email": "tamnguyen.gvu@gmail.com",
            "is_staff": false,
            "is_active": true,
            "date_joined": "2024-05-23T06:30:22.761Z",
            "avatar": "image/upload/v1713421473/user.png",
            "phone": "0394873585",
            "gender": "Nam",
            "role": "ministry",
            "groups": [],
            "user_permissions": []
        }
    },
    {
        "model": "theses.user",
        "pk": 15,
        "fields": {
            "password": "pbkdf2_sha256$720000$rqpYUls99isTZz48NZUpaK$WlnG9lP+taPhhBsM1ej2w6nh+DK2/lEu7Fvzwv+7P1g=",
            "last_login": null,
            "is_superuser": false,
            "username": "hoangquyengv",
            "first_name": "Phạm",
            "last_name": "Quyên",
            "email": "phamhoangquyen2411@gmail.com",
            "is_staff": false,
            "is_active": true,
            "date_joined": "2024-05-23T06:41:38Z",
            "avatar": "image/upload/v1713421473/user.png",
            "phone": "0394873577",
            "gender": "Nữ",
            "role": "lecturer",
            "groups": [],
            "user_permissions": []
        }
    },
    {
        "model": "theses.user",
        "pk": 16,
        "fields": {
            "password": "pbkdf2_sha256$720000$8SpDZYws9WvxXUUQJ2p58f$PT3lpNFYv+leRJRKZxSkkz97RFKAVU9a3Kci5PkRyMI=",
            "last_login": null,
            "is_superuser": false,
            "username": "linhdangv",
            "first_name": "Nguyễn",
            "last_name": "Đan",
            "email": "hoaitam8998@gmail.com",
            "is_staff": false,
            "is_active": true,
            "date_joined": "2024-05-23T06:42:48Z",
            "avatar": "image/upload/v1713421473/user.png",
            "phone": "0394873588",
            "gender": "Nữ",
            "role": "lecturer",
            "groups": [],
            "user_permissions": []
        }
    },
    {
        "model": "theses.user",
        "pk": 17,
        "fields": {
            "password": "pbkdf2_sha256$720000$XAOH6eF3gDUZ5zfm5I0etK$vhuY/ctP43gQSO2lVHPSdcdfvAcLwNRmvSxPeNvDZ4E=",
            "last_login": null,
            "is_superuser": false,
            "username": "trongnghiasv",
            "first_name": "Nguyễn",
            "last_name": "Nghĩa",
            "email": "nghianguyen.sv@gmail.com",
            "is_staff": false,
            "is_active": true,
            "date_joined": "2024-05-23T06:43:34.430Z",
            "avatar": "image/upload/v1713421473/user.png",
            "phone": "0394873599",
            "gender": "Nam",
            "role": "student",
            "groups": [],
            "user_permissions": []
        }
    },
    {
        "model": "theses.user",
        "pk": 18,
        "fields": {
            "password": "pbkdf2_sha256$720000$iiCmpCTPHtBAqPHYCZ7eFs$blGVxHYXFORo9VKDxZmHVe1cHwl1Pi2tSK1YjJRwOqk=",
            "last_login": null,
            "is_superuser": false,
            "username": "tuankietsv",
            "first_name": "Nguyễn",
            "last_name": "Kiệt",
            "email": "kietnguyen.sv@gmail.com",
            "is_staff": false,
            "is_active": true,
            "date_joined": "2024-05-23T06:44:03.464Z",
            "avatar": "image/upload/v1713421473/user.png",
            "phone": "039487350",
            "gender": "Nam",
            "role": "student",
            "groups": [],
            "user_permissions": []
        }
    },
    {
        "model": "theses.user",
        "pk": 19,
        "fields": {
            "password": "pbkdf2_sha256$720000$Njvs0OKLqZCnkBM6fGAz5Y$NK/lW0Jl92MN+6vpn6sJOmrK+W4TRxPKSgUBQSOMCXY=",
            "last_login": null,
            "is_superuser": false,
            "username": "thanhdatsv",
            "first_name": "Phạm",
            "last_name": "Đạt",
            "email": "datpham.sv@gmail.com",
            "is_staff": false,
            "is_active": true,
            "date_joined": "2024-05-23T06:44:56.008Z",
            "avatar": "image/upload/v1713421473/user.png",
            "phone": "0394873700",
            "gender": "Nam",
            "role": "student",
            "groups": [],
            "user_permissions": []
        }
    },
    {
        "model": "theses.user",
        "pk": 20,
        "fields": {
            "password": "pbkdf2_sha256$720000$TnqUUMtCpVnJ13MyzqHi7I$pDiPd2pVKBCjsHdnAEMd9gyJThzrlg44Dr/okvRFij8=",
            "last_login": null,
            "is_superuser": false,
            "username": "minhtrungsv",
            "first_name": "Lê",
            "last_name": "Trung",
            "email": "trungle.sv@gmail.com",
            "is_staff": false,
            "is_active": true,
            "date_joined": "2024-05-23T06:49:36.951Z",
            "avatar": "image/upload/v1716530019/m3puyopbhpw2uveqdwc0.png",
            "phone": "0123597547",
            "gender": "Nam",
            "role": "student",
            "groups": [],
            "user_permissions": []
        }
    },
    {
        "model": "theses.user",
        "pk": 39,
        "fields": {
            "password": "pbkdf2_sha256$720000$jClAdoIiDSKyYXy3oFKFeX$DFFj0ElgfoLqodlLiFDVLCyoIWtZf8SRZCYq3keDN6A=",
            "last_login": null,
            "is_superuser": false,
            "username": "hoaitamgv",
            "first_name": "Nguyễn",
            "last_name": "Tâm",
            "email": "hoaitam8998@gmail.com",
            "is_staff": false,
            "is_active": true,
            "date_joined": "2024-05-26T13:50:02Z",
            "avatar": "image/upload/v1716731447/kalg6zijmxshno3xnvrv.png",
            "phone": "0394873584",
            "gender": "Nam",
            "role": "lecturer",
            "groups": [],
            "user_permissions": []
        }
    },
    {
        "model": "theses.user",
        "pk": 40,
        "fields": {
            "password": "pbkdf2_sha256$720000$mwtS4BFKpWKU5Ej1bUiJ8E$rJXqF+fJVsvGt3mCkD57ZPH9o7LrcN7T2JIyGG+lR3Y=",
            "last_login": null,
            "is_superuser": false,
            "username": "hoaitamsv",
            "first_name": "Nguyễn",
            "last_name": "Tâm",
            "email": "tam37458@gmail.com",
            "is_staff": false,
            "is_active": true,
            "date_joined": "2024-05-26T16:36:22Z",
            "avatar": "image/upload/v1716741416/vnmdt1kpjnqmtbpuvtha.png",
            "phone": "0394873584",
            "gender": "Nam",
            "role": "student",
            "groups": [],
            "user_permissions": []
        }
    },
    {
        "model": "theses.user",
        "pk": 41,
        "fields": {
            "password": "pbkdf2_sha256$720000$FyNfFJ5TYZTnVVihAm2mmM$uPhUqBgAVrQ/By6pslAvEWy3hEIWTsaTpzZApEtu/EQ=",
            "last_login": null,
            "is_superuser": false,
            "username": "nhanlesv",
            "first_name": "Lê",
            "last_name": "Nhân",
            "email": "2151050293nhan@ou.edu.vn",
            "is_staff": false,
            "is_active": true,
            "date_joined": "2024-05-26T16:37:43Z",
            "avatar": "image/upload/v1716827819/cxu1604rn64aflt4sltj.jpg",
            "phone": "0786896036",
            "gender": "Nam",
            "role": "student",
            "groups": [],
            "user_permissions": []
        }
    },
    {
        "model": "theses.ministry",
        "pk": 14,
        "fields": {
            "code": "GVU001",
            "full_name": "Nguyễn Hoài Tâm",
            "birthday": "2003-08-16",
            "address": "Tây Ninh"
        }
    },
    {
        "model": "theses.position",
        "pk": 1,
        "fields": {
            "name": "Chủ tịch"
        }
    },
    {
        "model": "theses.position",
        "pk": 2,
        "fields": {
            "name": "Thư ký"
        }
    },
    {
        "model": "theses.position",
        "pk": 3,
        "fields": {
            "name": "Phản biện"
        }
    },
    {
        "model": "theses.position",
        "pk": 4,
        "fields": {
            "name": "Thành viên"
        }
    },
    {
        "model": "theses.schoolyear",
        "pk": 1,
        "fields": {
            "name": "2021 - 2022",
            "start_year": "2021-01-01",
            "end_year": "2022-01-01"
        }
    },
    {
        "model": "theses.schoolyear",
        "pk": 2,
        "fields": {
            "name": "2022 - 2023",
            "start_year": "2022-01-01",
            "end_year": "2023-01-01"
        }
    },
    {
        "model": "theses.schoolyear",
        "pk": 3,
        "fields": {
            "name": "2023 - 2024",
            "start_year": "2023-01-01",
            "end_year": "2024-01-01"
        }
    },
    {
        "model": "theses.faculty",
        "pk": "CNSH",
        "fields": {
            "name": "Công nghệ sinh học"
        }
    },
    {
        "model": "theses.faculty",
        "pk": "CNTT",
        "fields": {
            "name": "Công nghệ thông tin"
        }
    },
    {
        "model": "theses.faculty",
        "pk": "DTDB",
        "fields": {
            "name": "Đào tạo đặc biệt"
        }
    },
    {
        "model": "theses.faculty",
        "pk": "KTKT",
        "fields": {
            "name": "Kế toán kiểm toán"
        }
    },
    {
        "model": "theses.faculty",
        "pk": "L",
        "fields": {
            "name": "Luật"
        }
    },
    {
        "model": "theses.faculty",
        "pk": "NN",
        "fields": {
            "name": "Ngoại ngữ"
        }
    },
    {
        "model": "theses.faculty",
        "pk": "QTKD",
        "fields": {
            "name": "Quản trị kinh doanh"
        }
    },
    {
        "model": "theses.faculty",
        "pk": "TCNH",
        "fields": {
            "name": "Tài chính ngân hàng"
        }
    },
    {
        "model": "theses.faculty",
        "pk": "XCD",
        "fields": {
            "name": "XHH - CTXH - DNA"
        }
    },
    {
        "model": "theses.faculty",
        "pk": "XD",
        "fields": {
            "name": "Xây dựng"
        }
    },
    {
        "model": "theses.major",
        "pk": "CNTT",
        "fields": {
            "name": "Công nghệ thông tin",
            "faculty": "CNTT"
        }
    },
    {
        "model": "theses.major",
        "pk": "HTTT",
        "fields": {
            "name": "Hệ thống thông tin quản lý",
            "faculty": "CNTT"
        }
    },
    {
        "model": "theses.major",
        "pk": "KET",
        "fields": {
            "name": "Kế toán",
            "faculty": "KTKT"
        }
    },
    {
        "model": "theses.major",
        "pk": "KHMT",
        "fields": {
            "name": "Khoa học máy tính",
            "faculty": "CNTT"
        }
    },
    {
        "model": "theses.major",
        "pk": "KIT",
        "fields": {
            "name": "Kiểm toán",
            "faculty": "KTKT"
        }
    },
    {
        "model": "theses.major",
        "pk": "L",
        "fields": {
            "name": "Luật",
            "faculty": "L"
        }
    },
    {
        "model": "theses.major",
        "pk": "LGT",
        "fields": {
            "name": "Logistics & Quản lý chuỗi cung ứng",
            "faculty": "QTKD"
        }
    },
    {
        "model": "theses.major",
        "pk": "LKT",
        "fields": {
            "name": "Luật kinh tế",
            "faculty": "L"
        }
    },
    {
        "model": "theses.major",
        "pk": "MKT",
        "fields": {
            "name": "Marketing",
            "faculty": "QTKD"
        }
    },
    {
        "model": "theses.major",
        "pk": "NNA",
        "fields": {
            "name": "Ngôn ngữ Anh",
            "faculty": "NN"
        }
    },
    {
        "model": "theses.major",
        "pk": "NNH",
        "fields": {
            "name": "Ngôn ngữ Hàn Quốc",
            "faculty": "NN"
        }
    },
    {
        "model": "theses.major",
        "pk": "NNT",
        "fields": {
            "name": "Ngôn ngữ Trung Quốc",
            "faculty": "NN"
        }
    },
    {
        "model": "theses.major",
        "pk": "QTKD",
        "fields": {
            "name": "Quản trị kinh doanh",
            "faculty": "QTKD"
        }
    },
    {
        "model": "theses.major",
        "pk": "XHH",
        "fields": {
            "name": "Xã hội học",
            "faculty": "XCD"
        }
    },
    {
        "model": "theses.lecturer",
        "pk": 13,
        "fields": {
            "code": "GV001",
            "full_name": "Lê Phạm Anh Nhân",
            "birthday": "2003-10-13",
            "address": "Kiên Giang",
            "faculty": "CNTT"
        }
    },
    {
        "model": "theses.lecturer",
        "pk": 15,
        "fields": {
            "code": "GV002",
            "full_name": "Phạm Hoàng Quyên",
            "birthday": "2003-11-24",
            "address": "Tây Ninh",
            "faculty": "NN"
        }
    },
    {
        "model": "theses.lecturer",
        "pk": 16,
        "fields": {
            "code": "GV003",
            "full_name": "Nguyễn Linh Đan",
            "birthday": "2003-05-02",
            "address": "TP Hồ Chí Minh",
            "faculty": "CNTT"
        }
    },
    {
        "model": "theses.lecturer",
        "pk": 39,
        "fields": {
            "code": "GV004",
            "full_name": "Nguyễn Hoài Tâm",
            "birthday": "2003-08-16",
            "address": "Tây Ninh",
            "faculty": "CNTT"
        }
    },
    {
        "model": "theses.council",
        "pk": 1,
        "fields": {
            "name": "Hội đồng bảo vệ tháng 5",
            "description": "<p>Hội đồng 1</p>",
            "is_lock": true
        }
    },
    {
        "model": "theses.council",
        "pk": 2,
        "fields": {
            "name": "Hội đồng 2",
            "description": "<p>Hội đồng 2</p>",
            "is_lock": false
        }
    },
    {
        "model": "theses.council",
        "pk": 3,
        "fields": {
            "name": "Hội đồng bảo vệ khóa 19 CNTT",
            "description": "<p>Hội đồng bảo vệ kh&oacute;a 19 - Khoa c&ocirc;ng nghệ th&ocirc;ng tin</p>",
            "is_lock": false
        }
    },
    {
        "model": "theses.council",
        "pk": 4,
        "fields": {
            "name": "Hội đồng bảo vệ khóa 20 CNTT",
            "description": "<p>Hội đồng bảo vệ kh&oacute;a 20 - Khoa c&ocirc;ng nghệ th&ocirc;ng tin</p>",
            "is_lock": false
        }
    },
    {
        "model": "theses.council",
        "pk": 5,
        "fields": {
            "name": "Hội đồng bảo vệ khóa 21 CNTT",
            "description": "<p>Hội đồng bảo vệ kh&oacute;a 21 - Khoa c&ocirc;ng nghệ th&ocirc;ng tin</p>",
            "is_lock": false
        }
    },
    {
        "model": "theses.council",
        "pk": 6,
        "fields": {
            "name": "Hội đồng bảo vệ khóa 21 NN",
            "description": "<p>Hội đồng bảo vệ kh&oacute;a 21 - Khoa ngoại ngữ</p>",
            "is_lock": false
        }
    },
    {
        "model": "theses.council",
        "pk": 7,
        "fields": {
            "name": "Hội đồng bảo vệ khóa 21 L",
            "description": "<p>Hội đồng bảo vệ kh&oacute;a 21 - Khoa luật</p>",
            "is_lock": false
        }
    },
    {
        "model": "theses.council",
        "pk": 8,
        "fields": {
            "name": "Hội đồng bảo vệ khóa 21 MKT",
            "description": "<p>Hội đồng bảo vệ kh&oacute;a 21&nbsp; - Khoa marketing</p>",
            "is_lock": false
        }
    },
    {
        "model": "theses.councildetail",
        "pk": 1,
        "fields": {
            "lecturer": 13,
            "council": 1,
            "position": 1
        }
    },
    {
        "model": "theses.councildetail",
        "pk": 3,
        "fields": {
            "lecturer": 16,
            "council": 1,
            "position": 2
        }
    },
    {
        "model": "theses.councildetail",
        "pk": 5,
        "fields": {
            "lecturer": 15,
            "council": 1,
            "position": 3
        }
    },
    {
        "model": "theses.councildetail",
        "pk": 15,
        "fields": {
            "lecturer": 39,
            "council": 2,
            "position": 3
        }
    },
    {
        "model": "theses.councildetail",
        "pk": 16,
        "fields": {
            "lecturer": 39,
            "council": 1,
            "position": 4
        }
    },
    {
        "model": "theses.thesis",
        "pk": "abc",
        "fields": {
            "name": "test",
            "start_date": "2020-05-05",
            "end_date": "2020-05-06",
            "report_file": "",
            "total_score": 0.0,
            "result": false,
            "major": "NNA",
            "school_year": 2,
            "council": 1,
            "lecturers": [
                15
            ]
        }
    },
    {
        "model": "theses.thesis",
        "pk": "Abcd",
        "fields": {
            "name": "abc",
            "start_date": "2020-12-20",
            "end_date": "2020-12-31",
            "report_file": null,
            "total_score": 0.0,
            "result": false,
            "major": "CNTT",
            "school_year": 2,
            "council": null,
            "lecturers": []
        }
    },
    {
        "model": "theses.thesis",
        "pk": "KL001",
        "fields": {
            "name": "Hệ thống quản lý khóa luận tốt nghiệp",
            "start_date": "2024-04-18",
            "end_date": "2024-07-18",
            "report_file": "",
            "total_score": 0.0,
            "result": false,
            "major": "CNTT",
            "school_year": 3,
            "council": null,
            "lecturers": [
                13
            ]
        }
    },
    {
        "model": "theses.thesis",
        "pk": "KL002",
        "fields": {
            "name": "Xu hướng MKT trong năm 2025",
            "start_date": "2024-05-18",
            "end_date": "2024-07-30",
            "report_file": "",
            "total_score": 0.0,
            "result": false,
            "major": "MKT",
            "school_year": 3,
            "council": null,
            "lecturers": [
                13,
                39
            ]
        }
    },
    {
        "model": "theses.thesis",
        "pk": "KL003",
        "fields": {
            "name": "Nâng cao chất lượng nguồn nhân lực cho các Khu công nghiệp tỉnh Bắc Ninh đến 2027",
            "start_date": "2024-05-06",
            "end_date": "2024-09-24",
            "report_file": "",
            "total_score": 0.0,
            "result": false,
            "major": "MKT",
            "school_year": 3,
            "council": null,
            "lecturers": []
        }
    },
    {
        "model": "theses.thesis",
        "pk": "KL004",
        "fields": {
            "name": "Ứng dụng Digital marketing vào quảng bá du lịch cộng đồng tại làng Cổ Phước Tích",
            "start_date": "2024-02-13",
            "end_date": "2024-05-26",
            "report_file": "",
            "total_score": 0.0,
            "result": false,
            "major": "MKT",
            "school_year": 3,
            "council": null,
            "lecturers": []
        }
    },
    {
        "model": "theses.thesis",
        "pk": "KL005",
        "fields": {
            "name": "Giải pháp mở rộng thị trường tiêu thụ sản phẩm tại công ty TNHH Thương mại dịch vụ tổng hợp",
            "start_date": "2024-06-06",
            "end_date": "2024-08-01",
            "report_file": "",
            "total_score": 0.0,
            "result": false,
            "major": "MKT",
            "school_year": 2,
            "council": null,
            "lecturers": []
        }
    },
    {
        "model": "theses.thesis",
        "pk": "KL006",
        "fields": {
            "name": "Xây dựng hệ thống trợ giúp học sinh chọn trường vào lớp 10",
            "start_date": "2024-05-08",
            "end_date": "2024-09-05",
            "report_file": "",
            "total_score": 0.0,
            "result": false,
            "major": "CNTT",
            "school_year": 3,
            "council": null,
            "lecturers": []
        }
    },
    {
        "model": "theses.thesis",
        "pk": "KL007",
        "fields": {
            "name": "Xây dựng chương trình giải quyết bài toán phát hiện virut máy tính",
            "start_date": "2024-05-01",
            "end_date": "2024-09-19",
            "report_file": "",
            "total_score": 0.0,
            "result": false,
            "major": "CNTT",
            "school_year": 3,
            "council": null,
            "lecturers": []
        }
    },
    {
        "model": "theses.thesis",
        "pk": "KL008",
        "fields": {
            "name": "Hệ thống quản lý thiết bị dựa trên giải pháp sử dụng RFID",
            "start_date": "2024-05-31",
            "end_date": "2024-08-31",
            "report_file": "",
            "total_score": 0.0,
            "result": false,
            "major": "CNTT",
            "school_year": 3,
            "council": null,
            "lecturers": []
        }
    },
    {
        "model": "theses.thesis",
        "pk": "KL009",
        "fields": {
            "name": "Cán cân thanh toán quốc tế – Những vấn đề pháp lý cần lưu ý",
            "start_date": "2024-05-15",
            "end_date": "2024-07-18",
            "report_file": "",
            "total_score": 0.0,
            "result": false,
            "major": "LKT",
            "school_year": 3,
            "council": null,
            "lecturers": []
        }
    },
    {
        "model": "theses.thesis",
        "pk": "KL010",
        "fields": {
            "name": "Khó khăn của Việt Nam trong điều tra và tiến hành các biện pháp khắc phục thương mại và hướng giải quyết",
            "start_date": "2024-05-21",
            "end_date": "2024-08-17",
            "report_file": "",
            "total_score": 0.0,
            "result": false,
            "major": "LKT",
            "school_year": 3,
            "council": null,
            "lecturers": []
        }
    },
    {
        "model": "theses.thesis",
        "pk": "KL011",
        "fields": {
            "name": "An Analysis of Current Graduation Thesis Writing by English Majors in Independent Institute",
            "start_date": "2024-05-12",
            "end_date": "2024-08-07",
            "report_file": "",
            "total_score": 0.0,
            "result": false,
            "major": "NNA",
            "school_year": 3,
            "council": null,
            "lecturers": [
                15
            ]
        }
    },
    {
        "model": "theses.thesis",
        "pk": "KL012",
        "fields": {
            "name": "Potential for informal guardianship in community-based wildlife crime prevention: Insights from Vietnam",
            "start_date": "2024-05-13",
            "end_date": "2024-08-09",
            "report_file": "",
            "total_score": 0.0,
            "result": false,
            "major": "NNA",
            "school_year": 3,
            "council": null,
            "lecturers": [
                15
            ]
        }
    },
    {
        "model": "theses.thesis",
        "pk": "KL013",
        "fields": {
            "name": "Những nhân tố tác động đến hoạt động Logistics ở Việt nam",
            "start_date": "2024-05-30",
            "end_date": "2024-09-19",
            "report_file": "",
            "total_score": 0.0,
            "result": false,
            "major": "LGT",
            "school_year": 3,
            "council": null,
            "lecturers": []
        }
    },
    {
        "model": "theses.student",
        "pk": 2,
        "fields": {
            "code": "SV001",
            "full_name": "Trần Thảo My",
            "birthday": "2003-05-10",
            "address": "TP Hồ Chí Minh",
            "gpa": 3.2,
            "major": "CNTT",
            "thesis": "KL001"
        }
    },
    {
        "model": "theses.student",
        "pk": 3,
        "fields": {
            "code": "SV002",
            "full_name": "Văn Thành Nam",
            "birthday": "2003-10-01",
            "address": "Tây Ninh",
            "gpa": 3.0,
            "major": "CNTT",
            "thesis": "KL001"
        }
    },
    {
        "model": "theses.student",
        "pk": 17,
        "fields": {
            "code": "SV003",
            "full_name": "Nguyễn Trọng Nghĩa",
            "birthday": "2003-01-24",
            "address": "Cần Thơ",
            "gpa": 2.9,
            "major": "KHMT",
            "thesis": null
        }
    },
    {
        "model": "theses.student",
        "pk": 18,
        "fields": {
            "code": "SV004",
            "full_name": "Nguyễn Tuấn Kiệt",
            "birthday": "2003-09-14",
            "address": "TP Hồ Chí Minh",
            "gpa": 3.35,
            "major": "NNA",
            "thesis": null
        }
    },
    {
        "model": "theses.student",
        "pk": 19,
        "fields": {
            "code": "SV005",
            "full_name": "Phạm Thành Đạt",
            "birthday": "2003-12-29",
            "address": "TP Hồ Chí Minh",
            "gpa": 3.9,
            "major": "NNA",
            "thesis": null
        }
    },
    {
        "model": "theses.student",
        "pk": 20,
        "fields": {
            "code": "SV006",
            "full_name": "Lê Minh Trung",
            "birthday": "2003-05-02",
            "address": "Tây Ninh",
            "gpa": 2.7,
            "major": "LGT",
            "thesis": null
        }
    },
    {
        "model": "theses.student",
        "pk": 40,
        "fields": {
            "code": "SV007",
            "full_name": "Nguyễn Hoài Tâm",
            "birthday": "2003-08-16",
            "address": "Tây Ninh",
            "gpa": 2.0,
            "major": "CNTT",
            "thesis": null
        }
    },
    {
        "model": "theses.criteria",
        "pk": 1,
        "fields": {
            "name": "Hình thức khóa luận",
            "evaluation_method": "Đánh giá dựa trên cách trình bày khóa luận, rõ bố cục"
        }
    },
    {
        "model": "theses.criteria",
        "pk": 2,
        "fields": {
            "name": "Tính sáng tạo",
            "evaluation_method": "Đánh giá dựa trên khả năng vận dụng sáng tạo những cái mới"
        }
    },
    {
        "model": "theses.criteria",
        "pk": 3,
        "fields": {
            "name": "Đặt vấn đề",
            "evaluation_method": "Xác định rõ mục tiêu của đề tài"
        }
    },
    {
        "model": "theses.criteria",
        "pk": 4,
        "fields": {
            "name": "Nâng cao",
            "evaluation_method": "Đánh giá dựa trên mức độ sử dụng các kỹ thuật nâng cao"
        }
    },
    {
        "model": "theses.criteria",
        "pk": 5,
        "fields": {
            "name": "Kiến thức chuyên môn",
            "evaluation_method": "Đánh giá dựa trên mức độ hiểu biết về chuyên ngành"
        }
    },
    {
        "model": "theses.criteria",
        "pk": 6,
        "fields": {
            "name": "Phương pháp nghiên cứu",
            "evaluation_method": "Đánh giá dựa trên phương pháp và quy trình nghiên cứu"
        }
    },
    {
        "model": "theses.criteria",
        "pk": 7,
        "fields": {
            "name": "Kỹ năng trình bày",
            "evaluation_method": "Đánh giá dựa trên kỹ năng thuyết trình và trình bày báo cáo"
        }
    },
    {
        "model": "theses.thesiscriteria",
        "pk": 1,
        "fields": {
            "thesis": "KL001",
            "criteria": 7,
            "weight": 0.5
        }
    },
    {
        "model": "theses.score",
        "pk": 1,
        "fields": {
            "thesis_criteria": 1,
            "council_detail": 1,
            "score_number": 7.0
        }
    },
    {
        "model": "theses.score",
        "pk": 2,
        "fields": {
            "thesis_criteria": 1,
            "council_detail": 3,
            "score_number": 7.0
        }
    },
    {
        "model": "theses.post",
        "pk": 1,
        "fields": {
            "created_date": "2024-05-30T07:58:30.051Z",
            "updated_date": "2024-05-30T07:58:30.051Z",
            "active": true,
            "user": 1,
            "content": "Test"
        }
    },
    {
        "model": "theses.like",
        "pk": 1,
        "fields": {
            "created_date": "2024-05-30T08:04:16.359Z",
            "updated_date": "2024-05-30T08:36:24.445Z",
            "active": false,
            "user": 20,
            "post": 1
        }
    },
    {
        "model": "theses.comment",
        "pk": 1,
        "fields": {
            "created_date": "2024-05-30T08:11:48.911Z",
            "updated_date": "2024-05-30T08:11:48.911Z",
            "active": true,
            "user": 20,
            "post": 1,
            "content": "comment 1"
        }
    },
    {
        "model": "theses.comment",
        "pk": 2,
        "fields": {
            "created_date": "2024-05-30T08:13:40.824Z",
            "updated_date": "2024-05-30T08:13:40.824Z",
            "active": true,
            "user": 20,
            "post": 1,
            "content": "comment 1"
        }
    },
    {
        "model": "theses.comment",
        "pk": 3,
        "fields": {
            "created_date": "2024-05-30T08:14:20.758Z",
            "updated_date": "2024-05-30T08:14:20.758Z",
            "active": true,
            "user": 20,
            "post": 1,
            "content": "comment 1"
        }
    },
    {
        "model": "theses.comment",
        "pk": 6,
        "fields": {
            "created_date": "2024-05-30T08:19:56.580Z",
            "updated_date": "2024-05-30T08:19:56.580Z",
            "active": true,
            "user": 20,
            "post": 1,
            "content": "comment 2"
        }
    }
]