[
    {
        "model": "theses.role",
        "pk": "admin",
        "fields": {
            "name": "Quản trị viên"
        }
    },
    {
        "model": "theses.role",
        "pk": "lecturer",
        "fields": {
            "name": "Giảng viên"
        }
    },
    {
        "model": "theses.role",
        "pk": "ministry",
        "fields": {
            "name": "Giáo vụ"
        }
    },
    {
        "model": "theses.role",
        "pk": "student",
        "fields": {
            "name": "Sinh viên"
        }
    },
    {
        "model": "theses.user",
        "pk": 1,
        "fields": {
            "password": "pbkdf2_sha256$720000$wM2yKrx2Fq3qXrszGsgIPY$JFGKe8iZJj2Aprs7wn6QTbL70WG84DAUY1Pt8MfGgqs=",
            "last_login": "2024-05-23T05:12:28.426Z",
            "is_superuser": true,
            "username": "admin",
            "first_name": "",
            "last_name": "",
            "email": "thesisadmin@gmail.com",
            "is_staff": true,
            "is_active": true,
            "date_joined": "2024-05-22T15:49:28.622Z",
            "avatar": "image/upload/v1713421473/user.png",
            "phone": "",
            "gender": "",
            "role": "admin",
            "groups": [],
            "user_permissions": []
        }
    },
    {
        "model": "theses.user",
        "pk": 2,
        "fields": {
            "password": "pbkdf2_sha256$720000$KX9HutZS7CZyZbscxe7FRj$4SWnIYRnJgCna9vBs5SPfRLuLsKeJ0FG9sSKpBFjM1s=",
            "last_login": null,
            "is_superuser": false,
            "username": "thaomysv",
            "first_name": "Trần",
            "last_name": "My",
            "email": "mytran.sv@gmail.com",
            "is_staff": false,
            "is_active": true,
            "date_joined": "2024-05-22T15:57:51.060Z",
            "avatar": "image/upload/v1713421473/user.png",
            "phone": "0527385789",
            "gender": "Nữ",
            "role": "student",
            "groups": [],
            "user_permissions": []
        }
    },
    {
        "model": "theses.user",
        "pk": 3,
        "fields": {
            "password": "pbkdf2_sha256$720000$YnDaNJouUo0CfTtDB4Db7W$vzogXxiShcO/DWlEa8lxzDrBgm0IiZGe21xOgMbV294=",
            "last_login": null,
            "is_superuser": false,
            "username": "thanhnamsv",
            "first_name": "Văn",
            "last_name": "Nam",
            "email": "namvan.sv@gmail.com",
            "is_staff": false,
            "is_active": true,
            "date_joined": "2024-05-23T06:20:35.356Z",
            "avatar": "image/upload/v1713421473/user.png",
            "phone": "0527388577",
            "gender": "Nam",
            "role": "student",
            "groups": [],
            "user_permissions": []
        }
    },
    {
        "model": "theses.user",
        "pk": 13,
        "fields": {
            "password": "pbkdf2_sha256$720000$qsuy1IUcJi7FZPxFeBp9b0$Rg6UZi79lGjTKdXXfhxlbzVZHfoG6pw0BaEvkwVGxok=",
            "last_login": null,
            "is_superuser": false,
            "username": "anhnhangv",
            "first_name": "Lê",
            "last_name": "Nhân",
            "email": "nhanle.gv@gmail.com",
            "is_staff": false,
            "is_active": true,
            "date_joined": "2024-05-23T06:28:47.747Z",
            "avatar": "image/upload/v1713421473/user.png",
            "phone": "0786896036",
            "gender": "Nam",
            "role": "lecturer",
            "groups": [],
            "user_permissions": []
        }
    },
    {
        "model": "theses.user",
        "pk": 14,
        "fields": {
            "password": "pbkdf2_sha256$720000$l31HJy5cFQh7ECiJFEPIVM$oVWFjwY2Y7ldjKxEnft9JY+Ghq5b8xcBFq0vkRKSlAA=",
            "last_login": null,
            "is_superuser": false,
            "username": "hoaitamgvu",
            "first_name": "Nguyễn",
            "last_name": "Tâm",
            "email": "tamnguyen.gvu@gmail.com",
            "is_staff": false,
            "is_active": true,
            "date_joined": "2024-05-23T06:30:22.761Z",
            "avatar": "image/upload/v1713421473/user.png",
            "phone": "0394873585",
            "gender": "Nam",
            "role": "ministry",
            "groups": [],
            "user_permissions": []
        }
    },
    {
        "model": "theses.user",
        "pk": 15,
        "fields": {
            "password": "pbkdf2_sha256$720000$rqpYUls99isTZz48NZUpaK$WlnG9lP+taPhhBsM1ej2w6nh+DK2/lEu7Fvzwv+7P1g=",
            "last_login": null,
            "is_superuser": false,
            "username": "hoangquyengv",
            "first_name": "Phạm",
            "last_name": "Quyên",
            "email": "quyenpham.gv@gmail.com",
            "is_staff": false,
            "is_active": true,
            "date_joined": "2024-05-23T06:41:38.216Z",
            "avatar": "image/upload/v1713421473/user.png",
            "phone": "0394873577",
            "gender": "Nữ",
            "role": "lecturer",
            "groups": [],
            "user_permissions": []
        }
    },
    {
        "model": "theses.user",
        "pk": 16,
        "fields": {
            "password": "pbkdf2_sha256$720000$8SpDZYws9WvxXUUQJ2p58f$PT3lpNFYv+leRJRKZxSkkz97RFKAVU9a3Kci5PkRyMI=",
            "last_login": null,
            "is_superuser": false,
            "username": "linhdangv",
            "first_name": "Nguyễn",
            "last_name": "Đan",
            "email": "dannguyen.gv@gmail.com",
            "is_staff": false,
            "is_active": true,
            "date_joined": "2024-05-23T06:42:48.584Z",
            "avatar": "image/upload/v1713421473/user.png",
            "phone": "0394873588",
            "gender": "Nữ",
            "role": "lecturer",
            "groups": [],
            "user_permissions": []
        }
    },
    {
        "model": "theses.user",
        "pk": 17,
        "fields": {
            "password": "pbkdf2_sha256$720000$XAOH6eF3gDUZ5zfm5I0etK$vhuY/ctP43gQSO2lVHPSdcdfvAcLwNRmvSxPeNvDZ4E=",
            "last_login": null,
            "is_superuser": false,
            "username": "trongnghiasv",
            "first_name": "Nguyễn",
            "last_name": "Nghĩa",
            "email": "nghianguyen.sv@gmail.com",
            "is_staff": false,
            "is_active": true,
            "date_joined": "2024-05-23T06:43:34.430Z",
            "avatar": "image/upload/v1713421473/user.png",
            "phone": "0394873599",
            "gender": "Nam",
            "role": "student",
            "groups": [],
            "user_permissions": []
        }
    },
    {
        "model": "theses.user",
        "pk": 18,
        "fields": {
            "password": "pbkdf2_sha256$720000$iiCmpCTPHtBAqPHYCZ7eFs$blGVxHYXFORo9VKDxZmHVe1cHwl1Pi2tSK1YjJRwOqk=",
            "last_login": null,
            "is_superuser": false,
            "username": "tuankietsv",
            "first_name": "Nguyễn",
            "last_name": "Kiệt",
            "email": "kietnguyen.sv@gmail.com",
            "is_staff": false,
            "is_active": true,
            "date_joined": "2024-05-23T06:44:03.464Z",
            "avatar": "image/upload/v1713421473/user.png",
            "phone": "039487350",
            "gender": "Nam",
            "role": "student",
            "groups": [],
            "user_permissions": []
        }
    },
    {
        "model": "theses.user",
        "pk": 19,
        "fields": {
            "password": "pbkdf2_sha256$720000$Njvs0OKLqZCnkBM6fGAz5Y$NK/lW0Jl92MN+6vpn6sJOmrK+W4TRxPKSgUBQSOMCXY=",
            "last_login": null,
            "is_superuser": false,
            "username": "thanhdatsv",
            "first_name": "Phạm",
            "last_name": "Đạt",
            "email": "datpham.sv@gmail.com",
            "is_staff": false,
            "is_active": true,
            "date_joined": "2024-05-23T06:44:56.008Z",
            "avatar": "image/upload/v1713421473/user.png",
            "phone": "0394873700",
            "gender": "Nam",
            "role": "student",
            "groups": [],
            "user_permissions": []
        }
    },
    {
        "model": "theses.user",
        "pk": 20,
        "fields": {
            "password": "pbkdf2_sha256$720000$TnqUUMtCpVnJ13MyzqHi7I$pDiPd2pVKBCjsHdnAEMd9gyJThzrlg44Dr/okvRFij8=",
            "last_login": null,
            "is_superuser": false,
            "username": "minhtrungsv",
            "first_name": "Lê",
            "last_name": "Trung",
            "email": "trungle.sv@gmail.com",
            "is_staff": false,
            "is_active": true,
            "date_joined": "2024-05-23T06:49:36.951Z",
            "avatar": "image/upload/v1716530019/m3puyopbhpw2uveqdwc0.png",
            "phone": "0123597547",
            "gender": "Nam",
            "role": "student",
            "groups": [],
            "user_permissions": []
        }
    },
    {
        "model": "theses.ministry",
        "pk": 14,
        "fields": {
            "code": "GVU001",
            "full_name": "Nguyễn Hoài Tâm",
            "birthday": "2003-08-16",
            "address": "Tây Ninh"
        }
    },
    {
        "model": "theses.position",
        "pk": 1,
        "fields": {
            "name": "Chủ tịch"
        }
    },
    {
        "model": "theses.position",
        "pk": 2,
        "fields": {
            "name": "Thư ký"
        }
    },
    {
        "model": "theses.position",
        "pk": 3,
        "fields": {
            "name": "Phản biện"
        }
    },
    {
        "model": "theses.position",
        "pk": 4,
        "fields": {
            "name": "Thành viên"
        }
    },
    {
        "model": "theses.schoolyear",
        "pk": 1,
        "fields": {
            "name": "2021 - 2022",
            "start_year": "2021-01-01",
            "end_year": "2022-01-01"
        }
    },
    {
        "model": "theses.schoolyear",
        "pk": 2,
        "fields": {
            "name": "2022 - 2023",
            "start_year": "2022-01-01",
            "end_year": "2023-01-01"
        }
    },
    {
        "model": "theses.schoolyear",
        "pk": 3,
        "fields": {
            "name": "2023 - 2024",
            "start_year": "2023-01-01",
            "end_year": "2024-01-01"
        }
    },
    {
        "model": "theses.faculty",
        "pk": "CNSH",
        "fields": {
            "name": "Công nghệ sinh học"
        }
    },
    {
        "model": "theses.faculty",
        "pk": "CNTT",
        "fields": {
            "name": "Công nghệ thông tin"
        }
    },
    {
        "model": "theses.faculty",
        "pk": "DTDB",
        "fields": {
            "name": "Đào tạo đặc biệt"
        }
    },
    {
        "model": "theses.faculty",
        "pk": "NN",
        "fields": {
            "name": "Ngoại ngữ"
        }
    },
    {
        "model": "theses.faculty",
        "pk": "QTKD",
        "fields": {
            "name": "Quản trị kinh doanh"
        }
    },
    {
        "model": "theses.faculty",
        "pk": "XD",
        "fields": {
            "name": "Xây dựng"
        }
    },
    {
        "model": "theses.major",
        "pk": "CNTT",
        "fields": {
            "name": "Công nghệ thông tin",
            "faculty": "CNTT"
        }
    },
    {
        "model": "theses.major",
        "pk": "HTTT",
        "fields": {
            "name": "Hệ thống thông tin quản lý",
            "faculty": "CNTT"
        }
    },
    {
        "model": "theses.major",
        "pk": "KHMT",
        "fields": {
            "name": "Khoa học máy tính",
            "faculty": "CNTT"
        }
    },
    {
        "model": "theses.major",
        "pk": "LGT",
        "fields": {
            "name": "Logistics & Quản lý chuỗi cung ứng",
            "faculty": "QTKD"
        }
    },
    {
        "model": "theses.major",
        "pk": "MKT",
        "fields": {
            "name": "Marketing",
            "faculty": "QTKD"
        }
    },
    {
        "model": "theses.major",
        "pk": "NNA",
        "fields": {
            "name": "Ngôn ngữ Anh",
            "faculty": "NN"
        }
    },
    {
        "model": "theses.major",
        "pk": "NNH",
        "fields": {
            "name": "Ngôn ngữ Hàn Quốc",
            "faculty": "NN"
        }
    },
    {
        "model": "theses.major",
        "pk": "NNT",
        "fields": {
            "name": "Ngôn ngữ Trung Quốc",
            "faculty": "NN"
        }
    },
    {
        "model": "theses.major",
        "pk": "QTKD",
        "fields": {
            "name": "Quản trị kinh doanh",
            "faculty": "QTKD"
        }
    },
    {
        "model": "theses.lecturer",
        "pk": 13,
        "fields": {
            "code": "GV001",
            "full_name": "Lê Phạm Anh Nhân",
            "birthday": "2003-10-13",
            "address": "Kiên Giang",
            "faculty": "CNTT"
        }
    },
    {
        "model": "theses.lecturer",
        "pk": 15,
        "fields": {
            "code": "GV002",
            "full_name": "Phạm Hoàng Quyên",
            "birthday": "2003-11-24",
            "address": "Tây Ninh",
            "faculty": "NN"
        }
    },
    {
        "model": "theses.lecturer",
        "pk": 16,
        "fields": {
            "code": "GV003",
            "full_name": "Nguyễn Linh Đan",
            "birthday": "2003-05-02",
            "address": "TP Hồ Chí Minh",
            "faculty": "CNTT"
        }
    },
    {
        "model": "theses.student",
        "pk": 2,
        "fields": {
            "code": "SV001",
            "full_name": "Trần Thảo My",
            "birthday": "2003-05-10",
            "address": "TP Hồ Chí Minh",
            "gpa": 3.2,
            "major": "CNTT"
        }
    },
    {
        "model": "theses.student",
        "pk": 3,
        "fields": {
            "code": "SV002",
            "full_name": "Văn Thành Nam",
            "birthday": "2003-10-01",
            "address": "Tây Ninh",
            "gpa": 3.0,
            "major": "CNTT"
        }
    },
    {
        "model": "theses.student",
        "pk": 17,
        "fields": {
            "code": "SV003",
            "full_name": "Nguyễn Trọng Nghĩa",
            "birthday": "2003-01-24",
            "address": "Cần Thơ",
            "gpa": 2.9,
            "major": "KHMT"
        }
    },
    {
        "model": "theses.student",
        "pk": 18,
        "fields": {
            "code": "SV004",
            "full_name": "Nguyễn Tuấn Kiệt",
            "birthday": "2003-09-14",
            "address": "TP Hồ Chí Minh",
            "gpa": 3.35,
            "major": "NNA"
        }
    },
    {
        "model": "theses.student",
        "pk": 19,
        "fields": {
            "code": "SV005",
            "full_name": "Phạm Thành Đạt",
            "birthday": "2003-12-29",
            "address": "TP Hồ Chí Minh",
            "gpa": 3.9,
            "major": "NNA"
        }
    },
    {
        "model": "theses.student",
        "pk": 20,
        "fields": {
            "code": "SV006",
            "full_name": "Lê Minh Trung",
            "birthday": "2003-05-02",
            "address": "Tây Ninh",
            "gpa": 2.7,
            "major": "LGT"
        }
    },
    {
        "model": "theses.council",
        "pk": 1,
        "fields": {
            "name": "Hội đồng 1",
            "description": "<p>Hội đồng 1</p>",
            "is_lock": true
        }
    },
    {
        "model": "theses.councildetail",
        "pk": 1,
        "fields": {
            "lecturer": 13,
            "council": 1,
            "position": 1
        }
    },
    {
        "model": "theses.councildetail",
        "pk": 3,
        "fields": {
            "lecturer": 16,
            "council": 1,
            "position": 2
        }
    },
    {
        "model": "theses.councildetail",
        "pk": 4,
        "fields": {
            "lecturer": 15,
            "council": 1,
            "position": 3
        }
    },
    {
        "model": "theses.thesis",
        "pk": "KL001",
        "fields": {
            "name": "Hệ thống quản lý khóa luận tốt nghiệp",
            "start_date": "2024-04-18",
            "end_date": "2024-07-18",
            "report_file": "",
            "total_score": 0.0,
            "result": false,
            "major": "CNTT",
            "school_year": 3,
            "council": 1,
            "student": 2,
            "lecturers": [
                13,
                15
            ]
        }
    }
]